{
    "Buttons": {
        "show_info": false
    },
    "Sounds": {
        "volume": {
            "effect": 0.5416666666666666,
            "bg": 0.47833333333333333
        }
    }
}